{"cameraMode":{"drawMode":0,"name":"Shaded","section":"Shading Mode"},"sceneLighting":true,"audioPlay":false,"sceneViewState":{"showFog":true,"showMaterialUpdate":false,"showSkybox":true,"showFlares":true,"showImageEffects":true,"showParticleSystems":true,"showVisualEffectGraphs":true,"m_FxEnabled":true},"in2DMode":false,"pivot":{"x":-0.7542616724967957,"y":5.578743934631348,"z":0.04697585105895996},"rotation":{"x":-0.012308971956372261,"y":0.0005963830044493079,"z":-0.000006341619155136868,"w":-0.9999299049377441},"size":15.080774307250977,"orthographic":false}